{
	"Type": "Material",
	"Shader": {
		"VS": "./Assets/Shaders/VS_DefaultLit.asset",
		"PS": "./Assets/Shaders/PS_DefaultLit.asset"
	},
	"Surface": {
		"Ambient": [
			0.700000,
			0.700000,
			0.700000
		],
		"Alpha": 1.000000,
		"Transmission": [
			1.000000,
			1.000000,
			1.000000
		],
		"Diffuse": [
			0.700000,
			0.700000,
			0.700000
		],
		"IndexOfRefraction": 1.500000,
		"Roughness": 1.000000,
		"SpecularExponent": 10.000000,
		"Specular": [
			0.100000,
			0.100000,
			0.100000
		]
	}
}